coin,dex,dex_name,ticker,display_name,category,reference_listing,asset_class,asset_source,annotation_says_etf,security_name,binance_equity_type,max_leverage,collateral_token,delisted,description
io:DRAM,io,EntropyIO,DRAM,DRAM,stocks,US: DRAM,etf,nasdaq (displayName),False,Roundhill Memory ETF,etf,25,0,False,
io:EWY,io,EntropyIO,EWY,,(none),NYSE Arca: EWY,etf,nasdaq (manual reference),False,iShares MSCI South Korea ETF,etf,25,0,False,
io:GPRO,io,EntropyIO,GPRO,GOPRO,stocks,US: GPRO,stock,nasdaq (coin name),False,"GoPro, Inc. - Class A Common Stock",stock,5,0,False,
io:IONQ,io,EntropyIO,IONQ,IONQ,stocks,US: IONQ,stock,nasdaq (displayName),False,"IonQ, Inc. Common Stock",stock,10,0,False,
io:NBIS,io,EntropyIO,NBIS,NBIS,stocks,US: NBIS,stock,nasdaq (displayName),False,Nebius Group N.V. - Class A Ordinary Shares,stock,15,0,False,
io:SNDK,io,EntropyIO,SNDK,SNDK,stocks,US: SNDK,stock,nasdaq (displayName),False,Sandisk Corporation - Common Stock When-Issued,stock,10,0,False,
mkts:USBOND,mkts,Markets By Kinetiq,USBOND,TLT,stocks,US: TLT,etf,nasdaq (displayName),False,iShares 20+ Year Treasury Bond ETF,etf,10,0,False,"Provides exposure to long-duration U.S. Treasury bonds with remaining maturities of 20 years or more, offering sensitivity to long-term U.S. interest rates. Please refer to mkts docs for further info on oracle reference pricing sources and design."
para:AAOI,para,Paragon,AAOI,,stocks,US: AAOI,stock,nasdaq (coin name),False,"Applied Optoelectronics, Inc. - Common Stock",stock,10,0,False,"AAOI tracks the value of one share of Applied Optoelectronics. Applied Optoelectronics designs and manufactures lasers, optical transceivers, and networking equipment used across AI data centers, cloud networks, cable broadband, telecom, and fiber access systems worldwide."
para:AVGO,para,Paragon,AVGO,,stocks,US: AVGO,stock,nasdaq (coin name),False,Broadcom Inc. - Common Stock,stock,10,0,False,"AVGO tracks the value of one share of Broadcom. Broadcom designs and supplies a broad range of semiconductors and infrastructure software, powering data centers, AI systems, cloud networks, and wireless devices worldwide."
para:CIEN,para,Paragon,CIEN,,stocks,US: CIEN,stock,nasdaq (coin name),False,Ciena Corporation Common Stock,stock,10,0,False,"CIEN tracks the value of one share of Ciena. Ciena builds optical networking systems, routing platforms, and software that help cloud providers, telecom operators, and data centers move large volumes of data across high-speed networks worldwide."
para:CIFR,para,Paragon,CIFR,,stocks,US: CIFR,stock,nasdaq (coin name),False,Cipher Digital Inc. - Common Stock,stock,10,0,False,"Tracks the value of one share of Cipher Digital. Cipher Digital develops and operates large-scale data centers for Bitcoin mining and AI/HPC workloads, combining power infrastructure, computing capacity, and specialized facilities across the United States."
para:COHR,para,Paragon,COHR,,stocks,US: COHR,stock,nasdaq (coin name),False,Coherent Corp. Common Stock,stock,10,0,False,"COHR tracks the value of one share of Coherent. Coherent designs lasers, optical transceivers, and photonics components that power AI data center interconnects, optical networking, semiconductor manufacturing, and industrial systems worldwide."
para:CRDO,para,Paragon,CRDO,,stocks,US: CRDO,stock,nasdaq (coin name),False,Credo Technology Group Holding Ltd - Ordinary Shares,stock,10,0,False,"CRDO tracks the value of one share of Credo Technology. Credo provides high-speed connectivity solutions—including active electrical cables, SerDes, and retimers—that move data efficiently across AI data centers and hyperscale networks worldwide."
para:CRWD,para,Paragon,CRWD,,stocks,US: CRWD,stock,nasdaq (coin name),False,"CrowdStrike Holdings, Inc. - Class A Common Stock",stock,10,0,False,"Tracks the value of one share of CrowdStrike. CrowdStrike provides cloud-native cybersecurity software that helps organizations protect endpoints, identities, cloud workloads, and data while detecting and responding to threats across enterprise environments worldwide."
para:GLW,para,Paragon,GLW,,stocks,US: GLW,stock,nasdaq (coin name),False,Corning Incorporated Common Stock,stock,10,0,False,"GLW tracks the value of one share of Corning. Corning manufactures specialty glass and optical fiber used in AI data center connectivity, telecom networks, display screens, and advanced materials worldwide."
para:IGV,para,Paragon,IGV,IGV,stocks,US: IGV,etf,nasdaq (displayName),True,iShares Expanded Tech-Software Sector ETF,etf,10,0,False,"IGV tracks the value of one share of the iShares Expanded Tech-Software Sector ETF. IGV provides diversified exposure to software companies across enterprise applications, cybersecurity, cloud computing, infrastructure, and other technology services."
para:IREN,para,Paragon,IREN,,stocks,US: IREN,stock,nasdaq (coin name),False,IREN Limited - Ordinary Shares,stock,10,0,False,"IREN tracks the value of one share of IREN Limited. IREN develops and operates renewable-powered data centers for AI cloud computing and Bitcoin mining, providing GPU infrastructure and high-performance computing capacity across North America."
para:LRCX,para,Paragon,LRCX,,stocks,US: LRCX,stock,nasdaq (coin name),False,Lam Research Corporation - Common Stock,stock,10,0,False,"LRCX tracks the value of one share of Lam Research. Lam Research builds wafer fabrication equipment for etch, deposition, and cleaning processes essential to manufacturing the advanced chips that power AI, data centers, and mobile devices worldwide."
para:MELI,para,Paragon,MELI,,stocks,US: MELI,stock,nasdaq (coin name),False,"MercadoLibre, Inc. - Common Stock",stock,10,0,False,"MELI tracks the value of one share of MercadoLibre. MercadoLibre operates Latin America’s largest e-commerce and fintech ecosystem, spanning online marketplaces, digital payments, credit, logistics, advertising, and merchant services across major markets including Brazil, Mexico, and Argentina."
para:NET,para,Paragon,NET,,stocks,US: NET,stock,nasdaq (coin name),False,"Cloudflare, Inc. Class A Common Stock",stock,10,0,False,"NET tracks the value of one share of Cloudflare. Cloudflare provides cloud networking, cybersecurity, content delivery, and developer infrastructure that helps businesses secure and accelerate websites, applications, and AI workloads worldwide."
para:RDDT,para,Paragon,RDDT,,stocks,US: RDDT,stock,nasdaq (coin name),False,"Reddit, Inc. Class A Common Stock",stock,10,0,False,"Tracks the value of one share of Reddit. Reddit operates a community-driven social platform organized around user-created forums covering news, entertainment, and niche interests, powering advertising, community commerce, and AI content licensing worldwide."
para:SMCI,para,Paragon,SMCI,,stocks,US: SMCI,stock,nasdaq (coin name),False,"Super Micro Computer, Inc. - Common Stock",stock,10,0,False,"SMCI tracks the value of one share of Super Micro Computer. Supermicro designs and manufactures high-performance servers, GPU systems, storage, networking, and liquid-cooling infrastructure used to build and operate AI, cloud, high-performance computing, and enterprise data centers worldwide."
para:SOFI,para,Paragon,SOFI,,stocks,US: SOFI,stock,nasdaq (coin name),False,"SoFi Technologies, Inc.  - Common Stock",stock,10,0,False,"SOFI tracks the value of one share of SoFi Technologies. SoFi operates a digital financial-services platform spanning banking, lending, investing, credit cards, and other consumer financial products, while also providing technology infrastructure to banks, fintechs, and brands."
para:STX,para,Paragon,STX,,stocks,US: STX,stock,nasdaq (coin name),False,Seagate Technology Holdings PLC - Ordinary Shares (Ireland),stock,10,0,False,"STX tracks the value of one share of Seagate Technology. Seagate manufactures hard drives and mass-capacity storage systems used to store and manage data across AI infrastructure, cloud data centers, enterprise systems, and edge applications worldwide."
para:TER,para,Paragon,TER,,stocks,US: TER,stock,nasdaq (coin name),False,"Teradyne, Inc. - Common Stock",stock,10,0,False,"TER tracks the value of one share of Teradyne. Teradyne makes automated test equipment and robotics used to validate semiconductors, powering quality assurance for the chips behind AI systems, data centers, and consumer electronics worldwide."
para:TTWO,para,Paragon,TTWO,,stocks,US: TTWO,stock,nasdaq (coin name),False,"Take-Two Interactive Software, Inc. - Common Stock",stock,10,0,False,"Tracks the value of one share of Take-Two Interactive. Take-Two develops and publishes interactive entertainment through its Rockstar Games, 2K, and Zynga labels, spanning console and PC franchises such as Grand Theft Auto, Red Dead Redemption, and NBA 2K alongside free-to-play mobile titles, monetized through game sales, in-game purchases, and advertising worldwide."
para:UNITREE,para,Paragon,UNITREE,,stocks,,stock,annotation,False,,,10,0,False,"Tracks the value of one share of Hangzhou Yushu Technology Co., Ltd. (Unitree Robotics) ahead of its public listing. Unitree develops quadruped and humanoid robots, motion-control actuators, and embodied AI systems for research, industrial, and consumer applications."
para:VST,para,Paragon,VST,,stocks,US: VST,stock,nasdaq (coin name),False,Vistra Corp. Common Stock,stock,10,0,False,"Tracks the value of one share of Vistra. Vistra generates and sells electricity through a diverse fleet of nuclear, natural gas, coal, solar, and battery storage facilities, powering homes, businesses, and data centers across the United States."
xyz:AAOI,xyz,XYZ,AAOI,AAOI,stocks,Nasdaq: AAOI,stock,nasdaq (annotation ticker),False,"Applied Optoelectronics, Inc. - Common Stock",stock,10,0,False,"AAOI references 1 share of Applied Optoelectronics, Inc. common stock (Nasdaq: AAOI), quoted in USD. Applied Optoelectronics develops and manufactures fiber-optic networking products for data centers, broadband, and telecommunications."
xyz:AAPL,xyz,XYZ,AAPL,AAPL,stocks,Nasdaq: AAPL,stock,nasdaq (annotation ticker),False,Apple Inc. - Common Stock,stock,20,0,False,"AAPL references 1 share of Apple Inc. common stock (Nasdaq: AAPL), quoted in USD. Apple designs consumer devices, software, and services."
xyz:AMAT,xyz,XYZ,AMAT,AMAT,stocks,Nasdaq: AMAT,stock,nasdaq (annotation ticker),False,"Applied Materials, Inc. - Common Stock",stock,10,0,False,"AMAT references 1 share of Applied Materials, Inc. common stock (Nasdaq: AMAT), quoted in USD. Applied Materials provides equipment and services for semiconductor and display manufacturing."
xyz:AMD,xyz,XYZ,AMD,AMD,stocks,Nasdaq: AMD,stock,nasdaq (annotation ticker),False,"Advanced Micro Devices, Inc. - Common Stock",stock,10,0,False,"AMD references 1 share of Advanced Micro Devices, Inc. common stock (Nasdaq: AMD), quoted in USD. AMD designs processors, graphics chips, and data-center accelerators."
xyz:AMZN,xyz,XYZ,AMZN,AMZN,stocks,Nasdaq: AMZN,stock,nasdaq (annotation ticker),False,"Amazon.com, Inc. - Common Stock",stock,20,0,False,"AMZN references 1 share of Amazon.com, Inc. common stock (Nasdaq: AMZN), quoted in USD. Amazon operates e-commerce, cloud-computing, advertising, and logistics businesses."
xyz:ARM,xyz,XYZ,ARM,ARM,stocks,Nasdaq: ARM,stock,nasdaq (annotation ticker),False,Arm Holdings plc - American Depositary Shares,stock,10,0,False,"ARM references 1 Arm Holdings plc ADS (Nasdaq: ARM), representing 1 ordinary share, quoted in USD. Arm designs and licenses processor architectures and related computing technology."
xyz:ASML,xyz,XYZ,ASML,ASML,stocks,Nasdaq: ASML,stock,nasdaq (annotation ticker),False,ASML Holding N.V. - New York Registry Shares,stock,10,0,False,"ASML references 1 registered ordinary share of ASML Holding N.V. (Nasdaq: ASML), quoted in USD. The Nasdaq line consists of New York Registry Shares, each representing one ordinary share (Euronext Amsterdam: ASML). ASML develops lithography systems used in semiconductor manufacturing."
xyz:AVGO,xyz,XYZ,AVGO,AVGO,stocks,Nasdaq: AVGO,stock,nasdaq (annotation ticker),False,Broadcom Inc. - Common Stock,stock,10,0,False,"AVGO references 1 share of Broadcom Inc. common stock (Nasdaq: AVGO), quoted in USD. Broadcom provides semiconductors and infrastructure software."
xyz:BABA,xyz,XYZ,BABA,BABA,stocks,NYSE: BABA,stock,nasdaq (annotation ticker),False,Alibaba Group Holding Limited American Depositary Shares each representing eight Ordinary share,stock,10,0,False,"BABA references 1 Alibaba Group Holding Limited ADS (NYSE: BABA), representing 8 ordinary shares (HKEX: 9988), quoted in USD. Alibaba operates commerce, cloud-computing, and logistics businesses."
xyz:BB,xyz,XYZ,BB,BB,stocks,NYSE: BB,stock,nasdaq (annotation ticker),False,BlackBerry Limited Common Stock,stock,10,0,False,"BB references 1 share of BlackBerry Limited common stock (NYSE: BB), quoted in USD. BlackBerry provides cybersecurity, secure communications, and embedded software."
xyz:BE,xyz,XYZ,BE,BE,stocks,NYSE: BE,stock,nasdaq (annotation ticker),False,Bloom Energy Corporation Class A Common Stock,stock,10,0,False,"BE references 1 share of Bloom Energy Corporation Class A common stock (NYSE: BE), quoted in USD. Bloom Energy develops solid-oxide fuel-cell systems for on-site power generation."
xyz:BIRD,xyz,XYZ,BIRD,BIRD,stocks,Nasdaq: BIRD,stock,nasdaq (annotation ticker),False,"Smartbird, Inc. - Class A Common Stock",stock,10,0,False,"BIRD references 1 share of Smartbird, Inc. Class A common stock (Nasdaq: BIRD), quoted in USD. Smartbird develops AI compute infrastructure."
xyz:BMNR,xyz,XYZ,BMNR,BMNR,stocks,NYSE: BMNR,stock,nasdaq (annotation ticker),False,"BitMine Immersion Technologies, Inc. Common Stock",stock,10,0,False,"BMNR references 1 share of BitMine Immersion Technologies, Inc. common stock (NYSE: BMNR), quoted in USD. BitMine operates an Ethereum treasury and blockchain infrastructure business, with activities including ETH staking and validation, and strategic digital-asset investments."
xyz:BOT,xyz,XYZ,BOT,BOT,stocks,Nasdaq: BOT,stock,nasdaq (annotation ticker),False,"RoboStrategy, Inc. - Common Stock",stock,10,0,False,"BOT references 1 share of RoboStrategy, Inc. common stock (Nasdaq: BOT), quoted in USD. RoboStrategy is a closed-end investment company focused on robotics and embodied AI."
xyz:BX,xyz,XYZ,BX,BX,stocks,NYSE: BX,stock,nasdaq (annotation ticker),False,Blackstone Inc. Common Stock,stock,10,0,False,"BX references 1 share of Blackstone Inc. common stock (NYSE: BX), quoted in USD. Blackstone is an alternative asset manager investing across private equity, real estate, credit, and infrastructure."
xyz:CBRS,xyz,XYZ,CBRS,CBRS,stocks,Nasdaq: CBRS,stock,nasdaq (annotation ticker),False,Cerebras Systems Inc. - Class A Common Stock,stock,10,0,False,"CBRS references 1 share of Cerebras Systems Inc. Class A common stock (Nasdaq: CBRS), quoted in USD. Cerebras develops wafer-scale AI processors, computing systems, and cloud services."
xyz:COIN,xyz,XYZ,COIN,COIN,stocks,Nasdaq: COIN,stock,nasdaq (annotation ticker),False,"Coinbase Global, Inc. - Class A Common Stock",stock,10,0,False,"COIN references 1 share of Coinbase Global, Inc. Class A common stock (Nasdaq: COIN), quoted in USD. Coinbase provides digital-asset trading, custody, and infrastructure services."
xyz:COST,xyz,XYZ,COST,COST,stocks,Nasdaq: COST,stock,nasdaq (annotation ticker),False,Costco Wholesale Corporation - Common Stock,stock,20,0,False,"COST references 1 share of Costco Wholesale Corporation common stock (Nasdaq: COST), quoted in USD. Costco operates membership-based warehouse retail stores."
xyz:CRCL,xyz,XYZ,CRCL,CRCL,stocks,NYSE: CRCL,stock,nasdaq (annotation ticker),False,"Circle Internet Group, Inc. Class A Common Stock",stock,10,0,False,"CRCL references 1 share of Circle Internet Group, Inc. Class A common stock (NYSE: CRCL), quoted in USD. Circle provides stablecoin and digital-asset payment infrastructure, including USDC."
xyz:CRWD,xyz,XYZ,CRWD,CRWD,stocks,Nasdaq: CRWD,stock,nasdaq (annotation ticker),False,"CrowdStrike Holdings, Inc. - Class A Common Stock",stock,10,0,False,"CRWD references 1 share of CrowdStrike Holdings, Inc. Class A common stock (Nasdaq: CRWD), quoted in USD. CrowdStrike provides cloud-native cybersecurity software through its Falcon platform for endpoint, identity, cloud, and data protection."
xyz:CRWV,xyz,XYZ,CRWV,CRWV,stocks,Nasdaq: CRWV,stock,nasdaq (annotation ticker),False,"CoreWeave, Inc. - Class A Common Stock",stock,10,0,False,"CRWV references 1 share of CoreWeave, Inc. Class A common stock (Nasdaq: CRWV), quoted in USD. CoreWeave provides GPU-based cloud infrastructure."
xyz:CVX,xyz,XYZ,CVX,CVX,stocks,NYSE: CVX,stock,nasdaq (annotation ticker),False,Chevron Corporation Common Stock,stock,10,0,False,"CVX references 1 share of Chevron Corporation common stock (NYSE: CVX), quoted in USD. Chevron produces crude oil and natural gas and manufactures transportation fuels, lubricants, and petrochemicals."
xyz:CXMT,xyz,XYZ,CXMT,CXMT,stocks,SSE STAR: 688825,stock,annotation,False,,,10,0,False,"CXMT references 1 CXMT Corporation A-share (SSE STAR: 688825). The oracle converts the CNY share price to USD at the prevailing offshore USD/CNH rate. CXMT Corporation, operating as ChangXin Memory Technologies, is a Chinese developer and manufacturer of DRAM chips."
xyz:DELL,xyz,XYZ,DELL,DELL,stocks,NYSE: DELL,stock,nasdaq (annotation ticker),False,Dell Technologies Inc. Class C Common Stock,stock,10,0,False,"DELL references 1 share of Dell Technologies Inc. Class C common stock (NYSE: DELL), quoted in USD. Dell provides computers, servers, storage, networking, and enterprise infrastructure."
xyz:DKNG,xyz,XYZ,DKNG,DKNG,stocks,Nasdaq: DKNG,stock,nasdaq (annotation ticker),False,DraftKings Inc. - Class A Common Stock,stock,10,0,False,"DKNG references 1 share of DraftKings Inc. Class A common stock (Nasdaq: DKNG), quoted in USD. DraftKings provides online sports betting, gaming, and digital sports-entertainment products."
xyz:DRAM,xyz,XYZ,DRAM,DRAM,stocks,Cboe BZX: DRAM,etf,nasdaq (annotation ticker),True,Roundhill Memory ETF,etf,20,0,False,"DRAM references 1 share of the Roundhill Memory ETF (Cboe BZX: DRAM), quoted in USD. The actively managed fund invests in companies involved in semiconductor memory and storage."
xyz:EBAY,xyz,XYZ,EBAY,EBAY,stocks,Nasdaq: EBAY,stock,nasdaq (annotation ticker),False,eBay Inc. - Common Stock,stock,10,0,False,"EBAY references 1 share of eBay Inc. common stock (Nasdaq: EBAY), quoted in USD. eBay operates online marketplaces connecting buyers and sellers."
xyz:EWJ,xyz,XYZ,EWJ,EWJ,stocks,NYSE Arca: EWJ,etf,nasdaq (annotation ticker),True,iShares MSCI Japan Index Fund,etf,20,0,False,"EWJ references 1 share of the iShares MSCI Japan ETF (NYSE Arca: EWJ), quoted in USD. The fund provides exposure to large- and mid-cap Japanese equities; local-currency exposure is embedded in the ETF."
xyz:EWT,xyz,XYZ,EWT,EWT,stocks,NYSE Arca: EWT,etf,nasdaq (annotation ticker),True,iShares MSCI Taiwan ETF,etf,20,0,False,"EWT references 1 share of the iShares MSCI Taiwan ETF (NYSE Arca: EWT), quoted in USD. The fund provides exposure to large- and mid-cap Taiwanese equities; local-currency exposure is embedded in the ETF."
xyz:EWY,xyz,XYZ,EWY,EWY,stocks,NYSE Arca: EWY,etf,nasdaq (annotation ticker),True,iShares MSCI South Korea ETF,etf,20,0,False,"EWY references 1 share of the iShares MSCI South Korea ETF (NYSE Arca: EWY), quoted in USD. The fund provides exposure to large- and mid-cap South Korean equities; local-currency exposure is embedded in the ETF."
xyz:EWZ,xyz,XYZ,EWZ,EWZ,stocks,NYSE Arca: EWZ,etf,nasdaq (annotation ticker),True,iShares MSCI Brazil ETF,etf,20,0,False,"EWZ references 1 share of the iShares MSCI Brazil ETF (NYSE Arca: EWZ), quoted in USD. The fund provides exposure to large- and mid-cap Brazilian equities; local-currency exposure is embedded in the ETF."
xyz:GEV,xyz,XYZ,GEV,GEV,stocks,NYSE: GEV,stock,nasdaq (annotation ticker),False,GE Vernova Inc. Common Stock,stock,10,0,False,"GEV references 1 share of GE Vernova Inc. common stock (NYSE: GEV), quoted in USD. GE Vernova provides equipment, software, and services for power generation, wind energy, and grid electrification."
xyz:GIGADEV,xyz,XYZ,GIGADEV,GIGADEV,stocks,SSE: 603986,stock,annotation,False,,,10,0,False,"GIGADEV references 1 GigaDevice Semiconductor Inc. A-share (SSE: 603986). The oracle converts the CNY share price to USD at the prevailing offshore USD/CNH rate. GigaDevice is a fabless designer of NOR flash memory, specialty DRAM, microcontrollers, and sensor chips."
xyz:GME,xyz,XYZ,GME,GME,stocks,NYSE: GME,stock,nasdaq (annotation ticker),False,GameStop Corporation Common Stock,stock,10,0,False,"GME references 1 share of GameStop Corp. Class A common stock (NYSE: GME), quoted in USD. GameStop is a retailer of video games, collectibles, and consumer electronics."
xyz:GOOGL,xyz,XYZ,GOOGL,GOOGL,stocks,Nasdaq: GOOGL,stock,nasdaq (annotation ticker),False,Alphabet Inc. - Class A Common Stock,stock,20,0,False,"GOOGL references 1 share of Alphabet Inc. Class A common stock (Nasdaq: GOOGL), quoted in USD. Alphabet operates Google and businesses spanning advertising, cloud computing, and AI."
xyz:HIMS,xyz,XYZ,HIMS,HIMS,stocks,NYSE: HIMS,stock,nasdaq (annotation ticker),False,"Hims & Hers Health, Inc. Class A Common Stock",stock,10,0,False,"HIMS references 1 share of Hims & Hers Health, Inc. Class A common stock (NYSE: HIMS), quoted in USD. Hims & Hers operates a consumer health and telehealth platform."
xyz:HOOD,xyz,XYZ,HOOD,HOOD,stocks,Nasdaq: HOOD,stock,nasdaq (annotation ticker),False,"Robinhood Markets, Inc. - Class A Common Stock",stock,10,0,False,"HOOD references 1 share of Robinhood Markets, Inc. Class A common stock (Nasdaq: HOOD), quoted in USD. Robinhood operates a financial-services platform for individual investors."
xyz:HYUNDAI,xyz,XYZ,HYUNDAI,HYUNDAI,stocks,KRX: 005380,stock,annotation,False,,,10,0,False,HYUNDAI references 1 Hyundai Motor Company common share (KRX: 005380). The oracle converts the KRW share price to USD at the prevailing USD/KRW FX rate. Hyundai Motor manufactures vehicles and mobility products.
xyz:IBM,xyz,XYZ,IBM,IBM,stocks,NYSE: IBM,stock,nasdaq (annotation ticker),False,International Business Machines Corporation Common Stock,stock,10,0,False,"IBM references 1 share of International Business Machines Corporation common stock (NYSE: IBM), quoted in USD. IBM provides hybrid-cloud, AI, software, infrastructure, and consulting services."
xyz:INTC,xyz,XYZ,INTC,INTC,stocks,Nasdaq: INTC,stock,nasdaq (annotation ticker),False,Intel Corporation - Common Stock,stock,10,0,False,"INTC references 1 share of Intel Corporation common stock (Nasdaq: INTC), quoted in USD. Intel designs and manufactures semiconductors and computing platforms."
xyz:IREN,xyz,XYZ,IREN,IREN,stocks,Nasdaq: IREN,stock,nasdaq (annotation ticker),False,IREN Limited - Ordinary Shares,stock,10,0,False,"IREN references 1 IREN Limited ordinary share (Nasdaq: IREN), quoted in USD. IREN develops and operates data centers supporting AI cloud computing."
xyz:KIOXIA,xyz,XYZ,KIOXIA,KIOXIA,stocks,TSE: 285A,stock,annotation,False,,,10,0,False,KIOXIA references 1 Kioxia Holdings Corporation ordinary share (TSE: 285A). The oracle converts the JPY share price to USD at the prevailing USD/JPY FX rate. Kioxia manufactures NAND flash-memory and storage products.
xyz:KORU,xyz,XYZ,KORU,KORU,stocks,NYSE Arca: KORU,etf,nasdaq (annotation ticker),True,Direxion Daily South Korea Bull 3X ETF,etf,10,0,False,"KORU references 1 share of the Direxion Daily MSCI South Korea Bull 3X ETF (NYSE Arca: KORU), quoted in USD. The fund seeks daily investment results, before fees and expenses, of 300% of the performance of the MSCI Korea 25/50 Index; local-currency exposure is embedded in the ETF."
xyz:KSTR,xyz,XYZ,KSTR,KSTR,stocks,NYSE Arca: KSTR,etf,nasdaq (annotation ticker),True,KraneShares China Technology & Semiconductor STAR 50 Index ETF,etf,10,0,False,"KSTR references 1 share of the KraneShares China Technology & Semiconductor STAR 50 Index ETF (NYSE Arca: KSTR), quoted in USD. The fund tracks the STAR 50 Index of the 50 largest companies listed on the Shanghai Stock Exchange STAR Market; local-currency exposure is embedded in the ETF."
xyz:LITE,xyz,XYZ,LITE,LITE,stocks,Nasdaq: LITE,stock,nasdaq (annotation ticker),False,Lumentum Holdings Inc. - Common Stock,stock,10,0,False,"LITE references 1 share of Lumentum Holdings Inc. common stock (Nasdaq: LITE), quoted in USD. Lumentum develops optical and photonic components for communications, computing, and industrial applications."
xyz:LLY,xyz,XYZ,LLY,LLY,stocks,NYSE: LLY,stock,nasdaq (annotation ticker),False,Eli Lilly and Company Common Stock,stock,10,0,False,"LLY references 1 share of Eli Lilly and Company common stock (NYSE: LLY), quoted in USD. Eli Lilly develops and manufactures pharmaceutical products."
xyz:LYTE,xyz,XYZ,LYTE,LYTE,stocks,Cboe BZX: LYTE,etf,nasdaq (annotation ticker),True,Roundhill Photonics & Optics ETF,etf,10,0,False,"LYTE references 1 share of the Roundhill Photonics & Optics ETF (Cboe BZX: LYTE), quoted in USD. The actively managed fund invests in companies involved in photonics and optics, including optical interconnects, lasers, and photonic chips."
xyz:MAGS,xyz,XYZ,MAGS,MAGS,stocks,Cboe BZX: MAGS,etf,nasdaq (annotation ticker),True,Roundhill Magnificent Seven ETF,etf,10,0,False,"MAGS references 1 share of the Roundhill Magnificent Seven ETF (Cboe BZX: MAGS), quoted in USD. The fund offers approximately equal-weight exposure to Alphabet, Amazon, Apple, Meta, Microsoft, NVIDIA, and Tesla."
xyz:META,xyz,XYZ,META,META,stocks,Nasdaq: META,stock,nasdaq (annotation ticker),False,"Meta Platforms, Inc. - Class A Common Stock",stock,20,0,False,"META references 1 share of Meta Platforms, Inc. Class A common stock (Nasdaq: META), quoted in USD. Meta operates Facebook, Instagram, WhatsApp, and related advertising and computing businesses."
xyz:MINIMAX,xyz,XYZ,MINIMAX,MINIMAX,stocks,HKEX: 0100,stock,annotation,False,,,10,0,False,MINIMAX references 1 MiniMax Group Inc. Class A ordinary share (HKEX: 0100). The oracle converts the HKD share price to USD at the prevailing USD/HKD FX rate. MiniMax develops multimodal AI models and applications.
xyz:MRNA,xyz,XYZ,MRNA,MRNA,stocks,Nasdaq: MRNA,stock,nasdaq (annotation ticker),False,"Moderna, Inc. - Common Stock",stock,10,0,False,"MRNA references 1 share of Moderna, Inc. common stock (Nasdaq: MRNA), quoted in USD. Moderna develops messenger RNA (mRNA) medicines, including infectious-disease vaccines and oncology therapeutics."
xyz:MRVL,xyz,XYZ,MRVL,MRVL,stocks,Nasdaq: MRVL,stock,nasdaq (annotation ticker),False,"Marvell Technology, Inc. - Common Stock",stock,10,0,False,"MRVL references 1 share of Marvell Technology, Inc. common stock (Nasdaq: MRVL), quoted in USD. Marvell develops semiconductors for data infrastructure, networking, storage, and computing."
xyz:MSFT,xyz,XYZ,MSFT,MSFT,stocks,Nasdaq: MSFT,stock,nasdaq (annotation ticker),False,Microsoft Corporation - Common Stock,stock,20,0,False,"MSFT references 1 share of Microsoft Corporation common stock (Nasdaq: MSFT), quoted in USD. Microsoft provides software, cloud computing, devices, and enterprise services."
xyz:MSTR,xyz,XYZ,MSTR,MSTR,stocks,Nasdaq: MSTR,stock,nasdaq (annotation ticker),False,Strategy Inc - Class A Common Stock,stock,10,0,False,"MSTR references 1 share of Strategy Inc Class A common stock (Nasdaq: MSTR), quoted in USD. Strategy operates a Bitcoin treasury and enterprise-analytics software business."
xyz:MU,xyz,XYZ,MU,MU,stocks,Nasdaq: MU,stock,nasdaq (annotation ticker),False,"Micron Technology, Inc. - Common Stock",stock,10,0,False,"MU references 1 share of Micron Technology, Inc. common stock (Nasdaq: MU), quoted in USD. Micron manufactures memory and storage products, including DRAM and NAND."
xyz:NBIS,xyz,XYZ,NBIS,NBIS,stocks,Nasdaq: NBIS,stock,nasdaq (annotation ticker),False,Nebius Group N.V. - Class A Ordinary Shares,stock,10,0,False,"NBIS references 1 Nebius Group N.V. Class A ordinary share (Nasdaq: NBIS), quoted in USD. Nebius provides GPU-based cloud and AI infrastructure."
xyz:NCLD,xyz,XYZ,NCLD,NCLD,stocks,Nasdaq: NCLD,etf,nasdaq (annotation ticker),True,Roundhill Neocloud ETF,,10,0,False,"NCLD references 1 share of the Roundhill Neocloud ETF (Nasdaq: NCLD), quoted in USD. The actively managed fund invests in neocloud companies, including GPU-as-a-Service platforms and data centers built for AI and high-performance computing."
xyz:NET,xyz,XYZ,NET,NET,stocks,NYSE: NET,stock,nasdaq (annotation ticker),False,"Cloudflare, Inc. Class A Common Stock",stock,10,0,False,"NET references 1 share of Cloudflare, Inc. Class A common stock (NYSE: NET), quoted in USD. Cloudflare provides cloud-based network, security, and developer services for websites, applications, and internet infrastructure."
xyz:NFLX,xyz,XYZ,NFLX,NFLX,stocks,Nasdaq: NFLX,stock,nasdaq (annotation ticker),False,"Netflix, Inc. - Common Stock",stock,10,0,False,"NFLX references 1 share of Netflix, Inc. common stock (Nasdaq: NFLX), quoted in USD. Netflix provides subscription video entertainment and advertising-supported streaming."
xyz:NOK,xyz,XYZ,NOK,NOK,stocks,NYSE: NOK,stock,nasdaq (annotation ticker),False,Nokia Corporation Sponsored American Depositary Shares,stock,10,0,False,"NOK references 1 Nokia Corporation ADS (NYSE: NOK), representing 1 share (Nasdaq Helsinki: NOKIA), quoted in USD. Nokia provides telecommunications networks, infrastructure, software, and related services."
xyz:NOW,xyz,XYZ,NOW,NOW,stocks,NYSE: NOW,stock,nasdaq (annotation ticker),False,"ServiceNow, Inc. Common Stock",stock,10,0,False,"NOW references 1 share of ServiceNow, Inc. common stock (NYSE: NOW), quoted in USD. ServiceNow provides cloud-based workflow and enterprise automation software."
xyz:NVDA,xyz,XYZ,NVDA,NVDA,stocks,Nasdaq: NVDA,stock,nasdaq (annotation ticker),False,NVIDIA Corporation - Common Stock,stock,20,0,False,"NVDA references 1 share of NVIDIA Corporation common stock (Nasdaq: NVDA), quoted in USD. NVIDIA designs accelerated-computing hardware, software, and platforms."
xyz:ORCL,xyz,XYZ,ORCL,ORCL,stocks,NYSE: ORCL,stock,nasdaq (annotation ticker),False,Oracle Corporation Common Stock,stock,10,0,False,"ORCL references 1 share of Oracle Corporation common stock (NYSE: ORCL), quoted in USD. Oracle provides database software, enterprise applications, and cloud infrastructure."
xyz:PLTR,xyz,XYZ,PLTR,PLTR,stocks,Nasdaq: PLTR,stock,nasdaq (annotation ticker),False,Palantir Technologies Inc. - Class A Common Stock,stock,10,0,False,"PLTR references 1 share of Palantir Technologies Inc. Class A common stock (Nasdaq: PLTR), quoted in USD. Palantir develops data-integration, analytics, and AI software."
xyz:PURRDAT,xyz,XYZ,PURRDAT,PURRDAT,stocks,Nasdaq: PURR,stock,nasdaq (annotation ticker),False,Hyperliquid Strategies Inc - Common Stock,stock,10,0,False,"PURRDAT references 1 share of Hyperliquid Strategies Inc. common stock (Nasdaq: PURR), quoted in USD. Hyperliquid Strategies is a digital-asset treasury company focused on HYPE, Hyperliquid's native token."
xyz:QCOM,xyz,XYZ,QCOM,QCOM,stocks,Nasdaq: QCOM,stock,nasdaq (annotation ticker),False,QUALCOMM Incorporated - Common Stock,stock,10,0,False,"QCOM references 1 share of QUALCOMM Incorporated common stock (Nasdaq: QCOM), quoted in USD. Qualcomm develops semiconductors, wireless technology, and related software and licensing."
xyz:QNT,xyz,XYZ,QNT,QNT,stocks,Nasdaq: QNT,stock,nasdaq (annotation ticker),False,Quantinuum Inc. - Class A Common Stock,stock,10,0,False,"QNT references 1 share of Quantinuum Inc. Class A common stock (Nasdaq: QNT), quoted in USD. Quantinuum develops trapped-ion quantum computers, software, and related applications."
xyz:RDDT,xyz,XYZ,RDDT,RDDT,stocks,NYSE: RDDT,stock,nasdaq (annotation ticker),False,"Reddit, Inc. Class A Common Stock",stock,10,0,False,"RDDT references 1 share of Reddit, Inc. Class A common stock (NYSE: RDDT), quoted in USD. Reddit operates an online platform organized into user-created communities where users share and discuss content."
xyz:RIVN,xyz,XYZ,RIVN,RIVN,stocks,Nasdaq: RIVN,stock,nasdaq (annotation ticker),False,"Rivian Automotive, Inc. - Class A Common Stock",stock,10,0,False,"RIVN references 1 share of Rivian Automotive, Inc. Class A common stock (Nasdaq: RIVN), quoted in USD. Rivian designs and manufactures electric vehicles and related products."
xyz:RKLB,xyz,XYZ,RKLB,RKLB,stocks,Nasdaq: RKLB,stock,nasdaq (annotation ticker),False,Rocket Lab Corporation - Common Stock,stock,10,0,False,"RKLB references 1 share of Rocket Lab Corporation common stock (Nasdaq: RKLB), quoted in USD. Rocket Lab provides launch services, spacecraft, satellite components, and related systems."
xyz:SHAZ,xyz,XYZ,SHAZ,SHAZ,stocks,Nasdaq: SHAZ,stock,nasdaq (annotation ticker),False,"SharonAI Holdings, Inc. - Class A Common Stock",stock,10,0,False,"SHAZ references 1 share of SharonAI Holdings Inc. Class A common stock (Nasdaq: SHAZ), quoted in USD. Sharon AI provides GPU cloud and high-performance computing infrastructure."
xyz:SHEIN,xyz,XYZ,SHEIN,SHEIN,stocks,HKEX: 0625,stock,annotation,False,,,10,0,False,SHEIN references 1 Class B ordinary share of SHEIN Global Holdings Limited (HKEX: 0625). The oracle converts the HKD share price to USD at the prevailing USD/HKD FX rate. SHEIN is an online fashion and lifestyle retailer selling own-brand apparel and third-party marketplace products.
xyz:SKHX,xyz,XYZ,SKHX,SKHYNIX,stocks,KRX: 000660,stock,annotation,False,,,10,0,False,"SKHYNIX references 1 SK hynix Inc. common share (KRX: 000660). The oracle converts the KRW share price to USD at the prevailing USD/KRW FX rate. SK hynix manufactures DRAM and NAND memory semiconductors used in data centers, AI hardware, mobile devices, and computing systems."
xyz:SKHY,xyz,XYZ,SKHY,SKHY,stocks,Nasdaq: SKHY,stock,nasdaq (annotation ticker),False,SK hynix Inc. - American Depositary Shares,stock,10,0,False,"SKHY references 1 SK hynix Inc. ADS (Nasdaq: SKHY), representing one-tenth of 1 common share (KRX: 000660), quoted in USD. SK hynix manufactures DRAM and NAND memory semiconductors used in data centers, AI hardware, mobile devices, and computing systems."
xyz:SMH,xyz,XYZ,SMH,SMH,stocks,Nasdaq: SMH,etf,nasdaq (annotation ticker),True,VanEck Semiconductor ETF,etf,20,0,False,"SMH references 1 share of the VanEck Semiconductor ETF (Nasdaq: SMH), quoted in USD. The fund tracks U.S.-listed companies involved in semiconductor production and equipment."
xyz:SMSN,xyz,XYZ,SMSN,SAMSUNG,stocks,KRX: 005930,stock,annotation,False,,,10,0,False,"SAMSUNG references 1 Samsung Electronics Co., Ltd. common share (KRX: 005930). The oracle converts the KRW share price to USD at the prevailing USD/KRW FX rate. Samsung Electronics makes semiconductors, displays, and consumer electronics."
xyz:SNDK,xyz,XYZ,SNDK,SNDK,stocks,Nasdaq: SNDK,stock,nasdaq (annotation ticker),False,Sandisk Corporation - Common Stock When-Issued,stock,10,0,False,"SNDK references 1 share of Sandisk Corporation common stock (Nasdaq: SNDK), quoted in USD. Sandisk develops NAND flash-memory and data-storage products."
xyz:SNXX,xyz,XYZ,SNXX,SNXX,stocks,Cboe BZX: SNXX,etf,nasdaq (annotation ticker),True,Tradr 2X Long SNDK Daily ETF,etf,10,0,False,"SNXX references 1 share of the Tradr 2X Long SNDK Daily ETF (Cboe BZX: SNXX), quoted in USD. The fund seeks daily investment results, before fees and expenses, of 200% of the daily performance of Sandisk Corporation common stock (Nasdaq: SNDK); it does not seek that objective over periods longer than one trading day."
xyz:SOFTBANK,xyz,XYZ,SOFTBANK,SOFTBANK,stocks,TSE: 9984,stock,annotation,False,,,10,0,False,SOFTBANK references 1 SoftBank Group Corp. ordinary share (TSE: 9984). The oracle converts the JPY share price to USD at the prevailing USD/JPY FX rate. SoftBank Group is an investment holding company.
xyz:SOXL,xyz,XYZ,SOXL,SOXL,stocks,NYSE Arca: SOXL,etf,nasdaq (annotation ticker),True,Direxion Daily Semiconductor Bull 3X ETF,etf,10,0,False,"SOXL references 1 share of the Direxion Daily Semiconductor Bull 3X Shares (NYSE Arca: SOXL), quoted in USD. The fund seeks daily investment results of 300% of the daily performance of the ICE Semiconductor Index, an index of the 30 largest U.S.-listed semiconductor companies; leverage resets daily."
xyz:SPCX,xyz,XYZ,SPCX,SPCX,stocks,Nasdaq: SPCX,stock,nasdaq (annotation ticker),False,Space Exploration Technologies Corp. - Class A Common Stock,stock,20,0,False,"SPCX references 1 share of Space Exploration Technologies Corp. Class A common stock (Nasdaq: SPCX), quoted in USD. SpaceX develops launch vehicles, spacecraft, satellite communications, and AI technology."
xyz:STRC,xyz,XYZ,STRC,STRC,stocks,Nasdaq: STRC,stock,nasdaq (annotation ticker),False,Strategy Inc - Variable Rate Series A Perpetual Stretch Preferred Stock,stock,10,0,False,"STRC references 1 share of Strategy Inc's Variable Rate Series A Perpetual Stretch Preferred Stock (Nasdaq: STRC), quoted in USD. Stretch, the underlying security, pays cumulative monthly cash dividends at a variable rate on a $100 stated amount. Strategy, formerly MicroStrategy, holds bitcoin as its primary treasury asset."
xyz:TLT,xyz,XYZ,TLT,TLT,stocks,Nasdaq: TLT,etf,nasdaq (annotation ticker),True,iShares 20+ Year Treasury Bond ETF,etf,20,0,False,"TLT references 1 share of the iShares 20+ Year Treasury Bond ETF (Nasdaq: TLT), quoted in USD. The fund tracks the ICE U.S. Treasury 20+ Year Bond Index, an index of U.S. Treasury bonds with remaining maturities greater than 20 years."
xyz:TSLA,xyz,XYZ,TSLA,TSLA,stocks,Nasdaq: TSLA,stock,nasdaq (annotation ticker),False,"Tesla, Inc.  - Common Stock",stock,20,0,False,"TSLA references 1 share of Tesla, Inc. common stock (Nasdaq: TSLA), quoted in USD. Tesla designs electric vehicles, energy-storage systems, and related products."
xyz:TSM,xyz,XYZ,TSM,TSM,stocks,NYSE: TSM,stock,nasdaq (annotation ticker),False,Taiwan Semiconductor Manufacturing Company Ltd.,stock,10,0,False,"TSM references 1 Taiwan Semiconductor Manufacturing Company Limited ADS (NYSE: TSM), representing 5 common shares (TWSE: 2330), quoted in USD. TSMC manufactures semiconductors for third-party customers."
xyz:UNITREE,xyz,XYZ,UNITREE,UNITREE,stocks,SSE STAR: 688836,stock,annotation,False,,,10,0,False,"UNITREE references 1 Yushu Technology Co., Ltd. A-share (SSE STAR: 688836). The oracle converts the CNY share price to USD at the prevailing offshore USD/CNH rate. Yushu Technology, operating as Unitree Robotics, develops and manufactures humanoid robots, quadruped robots, and robot components."
xyz:URNM,xyz,XYZ,URNM,URNM,stocks,NYSE Arca: URNM,etf,nasdaq (annotation ticker),True,Sprott Uranium Miners ETF,etf,10,0,False,"URNM references 1 share of the Sprott Uranium Miners ETF (NYSE Arca: URNM), quoted in USD. The fund holds uranium-mining equities and physical uranium exposure."
xyz:USAR,xyz,XYZ,USAR,USAR,stocks,Nasdaq: USAR,stock,nasdaq (annotation ticker),False,"USA Rare Earth, Inc. - Common Stock",stock,10,0,False,"USAR references 1 share of USA Rare Earth, Inc. Class A common stock (Nasdaq: USAR), quoted in USD. USA Rare Earth develops rare-earth mining, processing, and magnet-production assets."
xyz:WDC,xyz,XYZ,WDC,WDC,stocks,Nasdaq: WDC,stock,nasdaq (annotation ticker),False,Western Digital Corporation - Common Stock,stock,10,0,False,"WDC references 1 share of Western Digital Corporation common stock (Nasdaq: WDC), quoted in USD. Western Digital manufactures hard-disk drives and data-storage products."
xyz:XBI,xyz,XYZ,XBI,XBI,stocks,NYSE Arca: XBI,etf,nasdaq (annotation ticker),True,State Street SPDR S&P Biotech ETF,etf,10,0,False,"XBI references 1 share of the State Street SPDR S&P Biotech ETF (NYSE Arca: XBI), quoted in USD. The fund tracks the S&P Biotechnology Select Industry Index, a modified equal-weighted index of U.S.-listed biotechnology companies."
xyz:XLE,xyz,XYZ,XLE,XLE,stocks,NYSE Arca: XLE,etf,nasdaq (annotation ticker),True,State Street Energy Select Sector SPDR ETF,etf,20,0,False,"XLE references 1 share of the State Street Energy Select Sector SPDR ETF (NYSE Arca: XLE), quoted in USD. The fund tracks large U.S. energy companies in the Energy Select Sector Index."
xyz:ZHIPU,xyz,XYZ,ZHIPU,ZHIPU,stocks,HKEX: 2513,stock,annotation,False,,,10,0,False,"ZHIPU references 1 H-share of Knowledge Atlas Technology Joint Stock Company Limited (HKEX: 2513). The oracle converts the HKD share price to USD at the prevailing USD/HKD FX rate. The company, also known as Zhipu AI or Z.ai, develops AI models and applications."
xyz:ZM,xyz,XYZ,ZM,ZM,stocks,Nasdaq: ZM,stock,nasdaq (annotation ticker),False,"Zoom Communications, Inc. - Class A Common Stock",stock,10,0,False,"ZM references 1 share of Zoom Communications, Inc. Class A common stock (Nasdaq: ZM), quoted in USD. Zoom provides video, voice, contact-center, and workplace collaboration software."
