etf,rank,symbol,name,weight_pct
XLK,1,NVDA,NVIDIA Corporation,15.28
XLK,2,AAPL,Apple Inc.,13.79
XLK,3,MSFT,Microsoft Corporation,10.40
XLK,4,AMD,"Advanced Micro Devices, Inc.",5.23
XLK,5,AVGO,Broadcom Inc.,4.69
XLK,6,MU,"Micron Technology, Inc.",4.55
XLK,7,INTC,Intel Corporation,3.60
XLK,8,PLTR,Palantir Technologies Inc.,2.52
XLK,9,CSCO,"Cisco Systems, Inc.",2.40
XLK,10,LRCX,Lam Research Corporation,2.19
XLF,1,BRK.B,Berkshire Hathaway Inc.,12.22
XLF,2,JPM,JPMorgan Chase & Co.,11.69
XLF,3,V,Visa Inc.,8.14
XLF,4,MA,Mastercard Incorporated,5.94
XLF,5,BAC,Bank of America Corporation,4.73
XLF,6,GS,"The Goldman Sachs Group, Inc.",3.49
XLF,7,WFC,Wells Fargo & Company,3.23
XLF,8,MS,Morgan Stanley,3.04
XLF,9,C,Citigroup Inc.,2.88
XLF,10,SCHW,The Charles Schwab Corporation,2.10
XLV,1,LLY,Eli Lilly and Company,15.31
XLV,2,JNJ,Johnson & Johnson,10.56
XLV,3,ABBV,AbbVie Inc.,7.59
XLV,4,MRK,"Merck & Co., Inc.",5.91
XLV,5,UNH,UnitedHealth Group Incorporated,5.45
XLV,6,TMO,Thermo Fisher Scientific Inc.,4.06
XLV,7,AMGN,Amgen Inc.,3.55
XLV,8,GILD,"Gilead Sciences, Inc.",3.01
XLV,9,ABT,Abbott Laboratories,2.83
XLV,10,PFE,Pfizer Inc.,2.62
XLY,1,AMZN,"Amazon.com, Inc.",23.04
XLY,2,TSLA,"Tesla, Inc.",18.64
XLY,3,HD,"The Home Depot, Inc.",5.15
XLY,4,MCD,McDonald's Corporation,4.29
XLY,5,TJX,"The TJX Companies, Inc.",3.99
XLY,6,BKNG,Booking Holdings Inc.,3.21
XLY,7,SBUX,Starbucks Corporation,2.94
XLY,8,LOW,"Lowe's Companies, Inc.",2.94
XLY,9,MAR,"Marriott International, Inc.",2.06
XLY,10,ROST,"Ross Stores, Inc.",2.06
XLC,1,META,"Meta Platforms, Inc.",22.57
XLC,2,GOOGL,Alphabet Inc.,11.43
XLC,3,GOOG,Alphabet Inc.,9.18
XLC,4,WBD,"Warner Bros. Discovery, Inc.",4.84
XLC,5,DIS,The Walt Disney Company,4.46
XLC,6,APP,AppLovin Corporation,4.46
XLC,7,T,AT&T Inc.,4.42
XLC,8,TTWO,"Take-Two Interactive Software, Inc.",4.18
XLC,9,VZ,Verizon Communications Inc.,4.14
XLC,10,NFLX,"Netflix, Inc.",4.10
XLI,1,CAT,Caterpillar Inc.,6.88
XLI,2,GE,GE Aerospace,6.17
XLI,3,GEV,GE Vernova Inc.,4.73
XLI,4,RTX,RTX Corporation,4.73
XLI,5,DE,Deere & Company,3.24
XLI,6,ETN,Eaton Corporation plc,3.18
XLI,7,UNP,Union Pacific Corporation,3.03
XLI,8,BA,The Boeing Company,2.89
XLI,9,UBER,"Uber Technologies, Inc.",2.63
XLI,10,PH,Parker-Hannifin Corporation,2.29
XLP,1,WMT,Walmart Inc.,10.77
XLP,2,COST,Costco Wholesale Corporation,8.93
XLP,3,KO,The Coca-Cola Company,7.66
XLP,4,PG,The Procter & Gamble Company,7.61
XLP,5,PM,Philip Morris International Inc.,6.70
XLP,6,MO,"Altria Group, Inc.",4.60
XLP,7,TGT,Target Corporation,4.49
XLP,8,MDLZ,"Mondelez International, Inc.",4.42
XLP,9,CL,Colgate-Palmolive Company,4.39
XLP,10,PEP,"PepsiCo, Inc.",4.25
XLE,1,XOM,ExxonMobil Holdings Corporation,23.54
XLE,2,CVX,Chevron Corporation,17.88
XLE,3,COP,ConocoPhillips,6.84
XLE,4,VLO,Valero Energy Corporation,4.59
XLE,5,PSX,Phillips 66,4.58
XLE,6,MPC,Marathon Petroleum Corporation,4.57
XLE,7,WMB,"The Williams Companies, Inc.",4.38
XLE,8,SLB,SLB N.V.,4.00
XLE,9,EOG,"EOG Resources, Inc.",3.93
XLE,10,KMI,"Kinder Morgan, Inc.",3.21
XLU,1,NEE,"NextEra Energy, Inc.",12.73
XLU,2,SO,The Southern Company,7.69
XLU,3,DUK,Duke Energy Corporation,7.12
XLU,4,CEG,Constellation Energy Corporation,6.95
XLU,5,AEP,"American Electric Power Company, Inc.",5.16
XLU,6,D,"Dominion Energy, Inc.",4.29
XLU,7,SRE,Sempra,4.10
XLU,8,ETR,Entergy Corporation,3.70
XLU,9,VST,Vistra Corp.,3.51
XLU,10,XEL,Xcel Energy Inc.,3.51
XLB,1,LIN,Linde plc,11.84
XLB,2,NEM,Newmont Corporation,7.01
XLB,3,FCX,Freeport-McMoRan Inc.,5.68
XLB,4,ECL,Ecolab Inc.,4.67
XLB,5,SHW,The Sherwin-Williams Company,4.62
XLB,6,STLD,"Steel Dynamics, Inc.",4.52
XLB,7,VMC,Vulcan Materials Company,4.47
XLB,8,APD,"Air Products and Chemicals, Inc.",4.45
XLB,9,NUE,Nucor Corporation,4.44
XLB,10,MLM,"Martin Marietta Materials, Inc.",4.37
XLRE,1,WELL,Welltower Inc.,11.62
XLRE,2,PLD,"Prologis, Inc.",8.78
XLRE,3,EQIX,"Equinix, Inc.",7.05
XLRE,4,AMT,American Tower Corporation,5.38
XLRE,5,SPG,"Simon Property Group, Inc.",4.65
XLRE,6,VTR,"Ventas, Inc.",4.51
XLRE,7,CBRE,"CBRE Group, Inc.",4.49
XLRE,8,PSA,Public Storage,4.49
XLRE,9,DLR,"Digital Realty Trust, Inc.",4.45
XLRE,10,VMRK,Vivmark Residential,4.36
SMH,1,NVDA,NVIDIA Corporation,19.37
SMH,2,TSM,Taiwan Semiconductor Manufacturing Company Limited,9.16
SMH,3,AMD,"Advanced Micro Devices, Inc.",5.66
SMH,4,AVGO,Broadcom Inc.,5.32
SMH,5,MU,"Micron Technology, Inc.",5.01
SMH,6,INTC,Intel Corporation,4.98
SMH,7,SKHY,SK hynix Inc.,4.58
SMH,8,TXN,Texas Instruments Incorporated,4.49
SMH,9,MRVL,"Marvell Technology, Inc.",4.47
SMH,10,KLAC,KLA Corporation,4.43
IGV,1,PANW,"Palo Alto Networks, Inc.",9.40
IGV,2,PLTR,Palantir Technologies Inc.,9.18
IGV,3,CRWD,"CrowdStrike Holdings, Inc.",8.62
IGV,4,MSFT,Microsoft Corporation,8.18
IGV,5,ORCL,Oracle Corporation,6.97
IGV,6,NOW,"ServiceNow, Inc.",4.49
IGV,7,CRM,"Salesforce, Inc.",4.17
IGV,8,FTNT,"Fortinet, Inc.",3.78
IGV,9,ADBE,Adobe Inc.,3.26
IGV,10,CDNS,"Cadence Design Systems, Inc.",3.04
XBI,1,TWST,Twist Bioscience Corporation,2.13
XBI,2,MRNA,"Moderna, Inc.",2.08
XBI,3,NTRA,"Natera, Inc.",1.80
XBI,4,BIIB,Biogen Inc.,1.56
XBI,5,HALO,"Halozyme Therapeutics, Inc.",1.56
XBI,6,ABBV,AbbVie Inc.,1.53
XBI,7,TGTX,"TG Therapeutics, Inc.",1.53
XBI,8,AMGN,Amgen Inc.,1.51
XBI,9,GILD,"Gilead Sciences, Inc.",1.49
XBI,10,CRSP,CRISPR Therapeutics AG,1.49
GNOM,1,MRNA,"Moderna, Inc.",9.59
GNOM,2,TWST,Twist Bioscience Corporation,7.73
GNOM,3,TXG,"10x Genomics, Inc.",6.80
GNOM,4,ILMN,"Illumina, Inc.",5.74
GNOM,5,GH,"Guardant Health, Inc.",5.39
GNOM,6,NTRA,"Natera, Inc.",5.38
GNOM,7,1548,Genscript Biotech Corporation,4.11
GNOM,8,TECH,Bio-Techne Corporation,3.39
GNOM,9,VRTX,Vertex Pharmaceuticals Incorporated,3.27
GNOM,10,BMRN,BioMarin Pharmaceutical Inc.,3.10
ARKG,1,TWST,Twist Bioscience Corporation,9.94
ARKG,2,TXG,"10x Genomics, Inc.",9.64
ARKG,3,TEM,"Tempus AI, Inc.",9.08
ARKG,4,CRSP,CRISPR Therapeutics AG,5.34
ARKG,5,PSNL,"Personalis, Inc.",5.03
ARKG,6,ABSI,Absci Corporation,4.92
ARKG,7,GH,"Guardant Health, Inc.",4.62
ARKG,8,ILMN,"Illumina, Inc.",4.56
ARKG,9,NTRA,"Natera, Inc.",4.54
ARKG,10,CDNA,"CareDx, Inc.",4.15
KRE,1,UBSI,"United Bankshares, Inc.",1.13
KRE,2,FIBK,"First Interstate BancSystem, Inc.",1.13
KRE,3,ONB,Old National Bancorp,1.13
KRE,4,FULT,Fulton Financial Corporation,1.12
KRE,5,HWC,Hancock Whitney Corporation,1.12
KRE,6,NIC,"Nicolet Bankshares, Inc.",1.12
KRE,7,EBC,"Eastern Bankshares, Inc.",1.12
KRE,8,FHB,"First Hawaiian, Inc.",1.12
KRE,9,EWBC,"East West Bancorp, Inc.",1.12
KRE,10,COLB,"Columbia Banking System, Inc.",1.12
XHB,1,MOD,Modine Manufacturing Company,3.44
XHB,2,SN,"SharkNinja, Inc.",3.39
XHB,3,SKY,"Champion Homes, Inc.",3.34
XHB,4,MTH,Meritage Homes Corporation,3.28
XHB,5,DHI,"D.R. Horton, Inc.",3.28
XHB,6,CVCO,"Cavco Industries, Inc.",3.28
XHB,7,NVR,"NVR, Inc.",3.27
XHB,8,LEN,Lennar Corporation,3.27
XHB,9,TOL,"Toll Brothers, Inc.",3.27
XHB,10,WSM,"Williams-Sonoma, Inc.",3.26
XME,1,CLF,Cleveland-Cliffs Inc.,5.40
XME,2,STLD,"Steel Dynamics, Inc.",5.11
XME,3,RS,"Reliance, Inc.",5.11
XME,4,RGLD,"Royal Gold, Inc.",5.03
XME,5,NUE,Nucor Corporation,5.03
XME,6,FCX,Freeport-McMoRan Inc.,4.94
XME,7,NEM,Newmont Corporation,4.93
XME,8,CMC,Commercial Metals Company,4.87
XME,9,MP,MP Materials Corp.,4.75
XME,10,CDE.NE,COEUR MINING INC,4.71
URA,1,CCO.NE,CAMECO CORP,21.76
URA,2,U.UN,Sprott Physical Uranium Trust Fund,6.65
URA,3,NXE,NexGen Energy Ltd.,5.91
URA,4,OKLO,Oklo Inc.,5.76
URA,5,UEC,Uranium Energy Corp.,4.55
URA,6,KAP,National Atomic Company Kazatomprom JSC,4.54
URA,7,PDN,Paladin Energy Ltd,3.17
URA,8,SMR,NuScale Power Corporation,2.93
URA,9,EFR.NE,ENERGY FUELS INC,2.87
URA,10,XE,"X-Energy, Inc.",2.80
ITA,1,GE,GE Aerospace,20.91
ITA,2,RTX,RTX Corporation,16.02
ITA,3,BA,The Boeing Company,7.71
ITA,4,LMT,Lockheed Martin Corporation,4.61
ITA,5,NOC,Northrop Grumman Corporation,4.56
ITA,6,HWM,Howmet Aerospace Inc.,4.55
ITA,7,TDG,TransDigm Group Incorporated,4.53
ITA,8,GD,General Dynamics Corporation,4.40
ITA,9,HONA,Honeywell Aerospace Inc.,3.80
ITA,10,LHX,"L3Harris Technologies, Inc.",3.36
PAVE,1,DE,Deere & Company,3.70
PAVE,2,FAST,Fastenal Company,3.57
PAVE,3,EMR,Emerson Electric Co.,3.50
PAVE,4,ETN,Eaton Corporation plc,3.44
PAVE,5,NUE,Nucor Corporation,3.34
PAVE,6,PH,Parker-Hannifin Corporation,3.21
PAVE,7,PWR,"Quanta Services, Inc.",3.20
PAVE,8,ROK,"Rockwell Automation, Inc.",3.06
PAVE,9,TT,Trane Technologies plc,2.97
PAVE,10,UNP,Union Pacific Corporation,2.93
DRAM,1,005930,"Samsung Electronics Co., Ltd.",18.84
DRAM,2,595112103.TRS 050427 NM,MICRON TECHNOLOGY INC SWAP NM,16.54
DRAM,3,000660,SK hynix Inc.,16.53
DRAM,4,B.0 11.03.26,United States Treasury Bill 11/03/2026,11.29
DRAM,5,595112103.TRS 052427 GS,"MICRON TECHNOLOGY, INC.-SWAP-GOLD-L",9.83
DRAM,6,6771720.TRS 052427 GS,SAMSUNG ELECTRONICS -SWAP-GOLD-L,5.94
DRAM,7,6450267.TRS 052427 GS,SK HYNIX INC-SWAP-GOLD-L,5.28
DRAM,8,BTMTQT8.TRS 052427 GS,CXMT CORPORATION-SWAP-GOLD-L,5.18
DRAM,9,SNDK,Sandisk Corporation,4.74
DRAM,10,STX,Seagate Technology Holdings plc,4.66
